STATE,COUNTY,COUSUB,CBSA,MSA70,MSA80,MSA90,MSA00,NEWENG
09,001,33620,14860,8040,8040,8040,8040,TRUE
09,001,73070,14860,NA,NA,8040,NA,TRUE
09,001,18850,14860,8040,8040,8040,8040,TRUE
09,001,50580,14860,8040,8040,8040,8040,TRUE
09,001,56060,14860,NA,NA,5760,NA,TRUE
09,001,86370,14860,5760,5760,5760,8040,TRUE
09,001,83500,14860,5760,5760,5760,8040,TRUE
09,001,83430,14860,NA,5760,5760,8040,TRUE
09,001,26620,14860,1160,1160,1160,1160,TRUE
09,001,08070,14860,NA,NA,1160,NA,TRUE
09,001,74190,14860,1160,1160,1160,1160,TRUE
09,001,77200,14860,1160,1160,1160,1160,TRUE
09,001,48620,14860,1160,1160,1160,1160,TRUE
09,001,23890,14860,1160,1160,1160,1160,TRUE
09,001,68170,14860,NA,NA,1160,NA,TRUE
09,001,04720,14860,1930,1930,1930,1930,TRUE
09,001,08980,14860,1930,1930,1930,1930,TRUE
09,001,50860,14860,1930,1930,1930,1930,TRUE
09,001,52980,14860,NA,1930,1930,1930,TRUE
09,001,63480,14860,NA,1930,1930,1930,TRUE
09,001,63970,14860,NA,NA,1930,1930,TRUE
09,001,68310,14860,NA,NA,1930,1930,TRUE
09,003,04300,25540,5440,5440,5440,3280,TRUE
09,003,08490,25540,NA,NA,1170,NA,TRUE
09,003,10100,25540,NA,1170,1170,3280,TRUE
09,003,50440,25540,NA,NA,5440,NA,TRUE
09,003,60120,25540,5440,5440,5440,3280,TRUE
09,003,70550,25540,5440,5440,5440,3280,TRUE
09,003,27600,25540,3280,3280,3280,3280,TRUE
09,003,02060,25540,3280,3280,3280,3280,TRUE
09,003,12270,25540,3280,3280,3280,3280,TRUE
09,003,68940,25540,3280,3280,3280,3280,TRUE
09,003,32640,25540,3280,3280,3280,3280,TRUE
09,003,22070,25540,3280,3280,3280,3280,TRUE
09,003,05910,25540,3280,3280,3280,3280,TRUE
09,003,87000,25540,3280,3280,3280,3280,TRUE
09,003,87070,25540,3280,3280,3280,3280,TRUE
09,003,74540,25540,3280,3280,3280,3280,TRUE
09,003,25990,25540,3280,3280,3280,3280,TRUE
09,003,24800,25540,3280,3280,3280,3280,TRUE
09,003,71390,25540,3280,3280,3280,3280,TRUE
09,003,65370,25540,3280,3280,3280,3280,TRUE
09,003,84900,25540,3280,3280,3280,3280,TRUE
09,003,52140,25540,3280,3280,3280,3280,TRUE
09,003,82590,25540,3280,3280,3280,3280,TRUE
09,003,37070,25540,NA,NA,3280,NA,TRUE
09,003,22630,25540,3280,3280,3280,3280,TRUE
09,003,44700,25540,3280,3280,3280,3280,TRUE
09,003,31240,25540,3280,3280,3280,3280,TRUE
09,003,45820,25540,NA,3280,3280,3280,TRUE
09,005,08210,45860,NA,NA,1930,1930,TRUE
09,005,52630,45860,NA,1930,1930,1930,TRUE
09,005,79720,45860,NA,NA,NA,1930,TRUE
09,005,65930,45860,NA,NA,NA,1930,TRUE
09,005,02760,45860,NA,NA,3280,3280,TRUE
09,005,37280,45860,NA,NA,NA,3280,TRUE
09,005,51350,45860,NA,3280,3280,3280,TRUE
09,005,86440,45860,NA,NA,NA,3280,TRUE
09,005,04930,45860,NA,NA,8880,8880,TRUE
09,005,75730,45860,8880,8880,8880,8880,TRUE
09,005,80490,45860,8880,8880,8880,8880,TRUE
09,005,87910,45860,8880,8880,8880,8880,TRUE
09,005,60750,45860,1170,1170,1170,3280,TRUE
09,007,47360,25540,NA,NA,5020,NA,TRUE
09,007,22490,25540,NA,3280,5020,3280,TRUE
09,007,61800,25540,NA,3280,5020,3280,TRUE
09,007,18080,25540,3280,3280,5020,3280,TRUE
09,007,47080,25540,NA,NA,5020,3280,TRUE
09,007,20810,25540,NA,NA,5020,3280,TRUE
09,007,35230,25540,NA,NA,5020,3280,TRUE
09,007,22280,25540,NA,NA,3280,3280,TRUE
09,007,15350,25540,NA,5480,5480,5480,TRUE
09,007,40710,25540,NA,NA,5480,5480,TRUE
09,007,57320,25540,NA,5520,NA,5520,TRUE
09,009,19550,35300,NA,NA,1160,NA,TRUE
09,009,01220,35300,NA,NA,1160,NA,TRUE
09,009,67610,35300,NA,NA,1160,1160,TRUE
09,009,52070,35300,NA,NA,5480,NA,TRUE
09,009,47535,35300,1160,NA,1160,NA,TRUE
09,009,82870,35300,NA,NA,5480,NA,TRUE
09,009,57600,35300,5480,5480,5480,5480,TRUE
09,009,87700,35300,5480,5480,5480,5480,TRUE
09,009,04580,35300,5480,5480,5480,5480,TRUE
09,009,35650,35300,5480,5480,5480,5480,TRUE
09,009,54870,35300,5480,5480,5480,5480,TRUE
09,009,46520,35300,NA,NA,5480,NA,TRUE
09,009,78740,35300,NA,5480,5480,5480,TRUE
09,009,22910,35300,5480,5480,5480,5480,TRUE
09,009,07310,35300,5480,5480,5480,5480,TRUE
09,009,53890,35300,5480,5480,5480,5480,TRUE
09,009,34950,35300,5480,5480,5480,5480,TRUE
09,009,44560,35300,NA,5480,5480,5480,TRUE
09,009,03250,35300,8880,8880,1160,1160,TRUE
09,009,14160,35300,8880,8880,5480,5480,TRUE
09,009,46940,35300,8880,8880,8880,8880,TRUE
09,009,49950,35300,NA,NA,8880,NA,TRUE
09,009,58300,35300,NA,NA,1160,1160,TRUE
09,009,62290,35300,8880,8880,8880,8880,TRUE
09,009,69640,35300,NA,8880,8880,8880,TRUE
09,009,80070,35300,NA,NA,8880,NA,TRUE
09,009,87560,35300,8880,8880,8880,8880,TRUE
09,011,57040,35980,5520,5520,5520,5520,TRUE
09,011,52350,35980,NA,NA,5520,NA,TRUE
09,011,80280,35980,5520,5520,5520,5520,TRUE
09,011,48900,35980,5520,5520,5520,5520,TRUE
09,011,56270,35980,NA,NA,5520,NA,TRUE
09,011,62150,35980,5520,5520,5520,5520,TRUE
09,011,42600,35980,5520,5520,5520,5520,TRUE
09,011,34250,35980,5520,5520,5520,5520,TRUE
09,011,73770,35980,5520,5520,5520,5520,TRUE
09,011,55500,35980,NA,NA,5520,5520,TRUE
09,011,33900,35980,5520,5520,5520,5520,TRUE
09,011,43230,35980,5520,5520,5520,5520,TRUE
09,011,71670,35980,5520,5520,5520,5520,TRUE
09,011,29910,35980,NA,NA,5520,5520,TRUE
09,011,06820,35980,NA,5520,5520,5520,TRUE
09,011,15910,35980,NA,3280,3280,3280,TRUE
09,011,66210,35980,NA,NA,5520,5520,TRUE
09,011,23400,35980,5520,5520,5520,5520,TRUE
09,011,42390,35980,NA,NA,NA,3280,TRUE
09,013,37910,25540,NA,3280,3280,3280,TRUE
09,013,01080,25540,3280,3280,3280,3280,TRUE
09,013,06260,25540,3280,3280,3280,3280,TRUE
09,013,78250,25540,3280,3280,3280,3280,TRUE
09,013,76290,25540,NA,3280,3280,3280,TRUE
09,013,25360,25540,3280,3280,3280,3280,TRUE
09,013,69220,25540,8000,8000,3280,3280,TRUE
09,013,85950,25540,NA,3280,3280,3280,TRUE
09,013,17800,25540,3280,3280,3280,3280,TRUE
09,013,16400,25540,NA,3280,3280,3280,TRUE
09,013,44910,25540,NA,NA,NA,3280,TRUE
09,013,72090,25540,NA,3280,3280,3280,TRUE
09,015,86790,48740,NA,NA,NA,3280,TRUE
09,015,13810,48740,NA,NA,NA,3280,TRUE
09,015,01430,48740,NA,NA,NA,3280,TRUE
09,015,75870,48740,NA,NA,NA,9240,TRUE
09,015,12130,48740,NA,NA,5520,5520,TRUE
09,015,59980,48740,NA,NA,NA,5520,TRUE
23,001,02060,30340,4240,4240,4240,4240,TRUE
23,001,38740,30340,4240,4240,4240,4240,TRUE
23,001,40035,30340,4240,4240,4240,4240,TRUE
23,001,60020,30340,NA,NA,4240,4240,TRUE
23,001,44585,30340,NA,NA,4240,4240,TRUE
23,001,77800,30340,NA,NA,NA,4240,TRUE
23,001,29255,30340,NA,NA,4240,4240,TRUE
23,001,64570,30340,NA,NA,4240,4240,TRUE
23,005,60545,38860,6400,6400,6400,6400,TRUE
23,005,24495,38860,6400,6400,6400,6400,TRUE
23,005,82105,38860,6400,6400,6400,6400,TRUE
23,005,71990,38860,6400,6400,6400,6400,TRUE
23,005,10180,38860,6400,6400,6400,6400,TRUE
23,005,28240,38860,6400,6400,6400,6400,TRUE
23,005,15430,38860,6400,6400,6400,6400,TRUE
23,005,87845,38860,6400,6400,6400,6400,TRUE
23,005,26525,38860,NA,6400,6400,6400,TRUE
23,005,53860,38860,NA,NA,6400,6400,TRUE
23,005,28870,38860,NA,NA,6400,6400,TRUE
23,005,86025,38860,NA,6400,6400,6400,TRUE
23,005,61945,38860,NA,NA,6400,6400,TRUE
23,005,11125,38860,NA,NA,NA,6400,TRUE
23,005,73670,38860,NA,NA,6400,6400,TRUE
23,005,66145,38860,6400,6400,6400,6400,TRUE
23,019,02795,12620,NA,730,730,730,TRUE
23,019,30795,12620,NA,730,730,730,TRUE
23,019,55680,12620,NA,730,730,730,TRUE
23,019,06925,12620,NA,730,730,730,TRUE
23,019,78780,12620,NA,730,730,730,TRUE
23,019,55565,12620,NA,NA,NA,730,TRUE
23,019,55225,12620,NA,730,730,730,TRUE
23,019,45670,12620,NA,NA,NA,730,TRUE
23,019,32510,12620,NA,730,730,730,TRUE
23,019,27645,12620,NA,730,730,730,TRUE
23,019,57937,12620,NA,730,730,730,TRUE
23,031,64675,38860,NA,6400,NA,NA,TRUE
23,031,55085,38860,NA,6400,6400,6400,TRUE
23,031,09410,38860,NA,NA,6400,6400,TRUE
23,031,33665,38860,NA,NA,6400,6400,TRUE
23,031,39405,38860,NA,NA,NA,6400,TRUE
23,031,04720,38860,NA,6450,6450,6450,TRUE
23,031,50325,38860,NA,NA,6450,NA,TRUE
23,031,81475,38860,NA,NA,6450,NA,TRUE
23,031,70030,38860,NA,6450,6450,6450,TRUE
23,031,87985,38860,NA,6450,6450,6450,TRUE
23,031,22955,38860,NA,6450,6450,6450,TRUE
23,031,37270,38860,NA,6450,6450,6450,TRUE
25,001,19295,12700,NA,NA,NA,740,TRUE
25,001,51440,12700,NA,NA,NA,740,TRUE
25,001,12995,12700,NA,NA,NA,740,TRUE
25,001,07980,12700,NA,NA,NA,740,TRUE
25,001,29020,12700,NA,NA,NA,740,TRUE
25,001,16775,12700,NA,NA,NA,740,TRUE
25,001,82525,12700,NA,NA,NA,740,TRUE
25,001,59735,12700,NA,NA,NA,740,TRUE
25,001,39100,12700,NA,NA,NA,740,TRUE
25,003,53960,38340,6320,6320,6320,6320,TRUE
25,003,34340,38340,6320,6320,6320,6320,TRUE
25,003,16180,38340,6320,6320,6320,6320,TRUE
25,003,34970,38340,6320,6320,6320,6320,TRUE
25,003,34655,38340,6320,6320,6320,6320,TRUE
25,003,00555,38340,NA,6320,NA,6320,TRUE
25,003,13345,38340,NA,6320,6320,6320,TRUE
25,003,67595,38340,NA,6320,6320,6320,TRUE
25,003,30315,38340,NA,NA,6320,6320,TRUE
25,003,56795,38340,NA,NA,6320,6320,TRUE
25,005,20100,39300,1200,1200,1200,1200,TRUE
25,005,38225,39300,NA,NA,1120,1120,TRUE
25,005,49970,39300,NA,6480,1120,1120,TRUE
25,005,56060,39300,NA,NA,1120,1200,TRUE
25,005,69170,39300,NA,NA,NA,1120,TRUE
25,005,16950,39300,NA,2480,NA,1120,TRUE
25,005,05280,39300,NA,NA,NA,1120,TRUE
25,005,25240,39300,NA,5400,5400,5400,TRUE
25,005,46575,39300,6480,6480,6060,6480,TRUE
25,005,02690,39300,6480,6480,6060,6480,TRUE
25,005,60645,39300,6480,6480,6060,6480,TRUE
25,005,56375,39300,6480,6480,6060,6480,TRUE
25,005,23000,39300,2480,2480,2480,6480,TRUE
25,005,62430,39300,2480,2480,2480,6480,TRUE
25,005,68750,39300,2480,2480,2480,6480,TRUE
25,005,77570,39300,2480,2480,2480,6480,TRUE
25,005,45000,39300,5400,5400,5400,5400,TRUE
25,005,16425,39300,5400,5400,5400,5400,TRUE
25,005,00520,39300,5400,5400,5400,5400,TRUE
25,005,22130,39300,5400,5400,5400,5400,TRUE
25,009,43580,14460,1120,1120,1120,1120,TRUE
25,009,68645,14460,1120,1120,7090,1120,TRUE
25,009,38400,14460,1120,1120,7090,1120,TRUE
25,009,59105,14460,1120,1120,7090,1120,TRUE
25,009,37490,14460,1120,1120,1120,1120,TRUE
25,009,60015,14460,1120,1120,1120,1120,TRUE
25,009,37560,14460,1120,1120,1120,1120,TRUE
25,009,52490,14460,1120,1120,7090,1120,TRUE
25,009,16250,14460,1120,1120,7090,1120,TRUE
25,009,41095,14460,1120,1120,7090,1120,TRUE
25,009,07420,14460,NA,1120,4160,4160,TRUE
25,009,70150,14460,1120,1120,7090,1120,TRUE
25,009,27900,14460,1120,1120,7090,1120,TRUE
25,009,74595,14460,1120,1120,7090,1120,TRUE
25,009,05595,14460,1120,1120,7090,1120,TRUE
25,009,37995,14460,NA,NA,NA,1120,TRUE
25,009,57880,14460,NA,NA,7090,1120,TRUE
25,009,26150,14460,NA,NA,7090,1120,TRUE
25,009,21850,14460,NA,NA,7090,1120,TRUE
25,009,32310,14460,NA,NA,7090,1120,TRUE
25,009,34550,14460,4160,4160,4160,4160,TRUE
25,009,40710,14460,NA,NA,NA,4160,TRUE
25,009,46365,14460,4160,4160,4160,4160,TRUE
25,009,01465,14460,4160,4160,4160,4160,TRUE
25,009,29405,14460,4160,4160,NA,4160,TRUE
25,009,40430,14460,4160,4160,4160,4160,TRUE
25,009,77150,14460,4160,4160,4160,4160,TRUE
25,009,27620,14460,4160,4160,4160,4160,TRUE
25,009,25625,14460,4160,4160,4160,4160,TRUE
25,009,59245,14460,NA,4160,4160,1120,TRUE
25,009,45245,14460,NA,NA,4160,1120,TRUE
25,009,45175,14460,NA,NA,4160,1120,TRUE
25,009,58405,14460,NA,NA,7090,1120,TRUE
25,013,67000,44140,8000,8000,8000,8000,TRUE
25,013,37175,44140,8000,8000,8000,8000,TRUE
25,013,13660,44140,8000,8000,8000,8000,TRUE
25,013,30840,44140,8000,8000,8000,8000,TRUE
25,013,76030,44140,8000,8000,8000,8000,TRUE
25,013,65825,44140,8000,8000,8000,8000,TRUE
25,013,36300,44140,8000,8000,8000,8000,TRUE
25,013,19645,44140,8000,8000,8000,8000,TRUE
25,013,28075,44140,8000,8000,8000,8000,TRUE
25,013,79740,44140,8000,8000,8000,8000,TRUE
25,013,42145,44140,8000,8000,8000,8000,TRUE
25,013,30665,44140,NA,NA,NA,9240,TRUE
25,015,72880,44140,NA,NA,NA,8000,TRUE
25,015,04825,44140,NA,8000,8000,8000,TRUE
25,015,01325,44140,NA,NA,NA,8000,TRUE
25,015,26535,44140,8000,8000,8000,8000,TRUE
25,015,64145,44140,8000,8000,8000,8000,TRUE
25,015,27690,44140,8000,8000,NA,8000,TRUE
25,015,29265,44140,NA,8000,NA,8000,TRUE
25,015,46330,44140,8000,8000,8000,8000,TRUE
25,015,62745,44140,NA,8000,8000,8000,TRUE
25,015,31785,44140,NA,NA,8000,8000,TRUE
25,015,79915,44140,NA,NA,NA,8000,TRUE
25,017,01955,14460,NA,NA,2600,2600,TRUE
25,017,70360,14460,2600,2600,1120,1120,TRUE
25,017,37000,14460,4560,4560,4560,4560,TRUE
25,017,71025,14460,4560,4560,4560,4560,TRUE
25,017,17475,14460,4560,4560,4560,4560,TRUE
25,017,69415,14460,4560,4560,4560,4560,TRUE
25,017,05805,14460,4560,4560,4560,4560,TRUE
25,017,13135,14460,4560,4560,4560,4560,TRUE
25,017,76135,14460,4560,4560,4560,4560,TRUE
25,017,31085,14460,NA,NA,1120,1120,TRUE
25,017,38715,14460,NA,NA,1120,1120,TRUE
25,017,31540,14460,NA,NA,1120,1120,TRUE
25,017,68050,14460,NA,NA,1120,1120,TRUE
25,017,35950,14460,NA,NA,1120,1120,TRUE
25,017,03005,14460,NA,NA,1120,1120,TRUE
25,017,27480,14460,NA,NA,1120,4560,TRUE
25,017,52805,14460,NA,NA,4560,4560,TRUE
25,017,17825,14460,NA,NA,4560,4560,TRUE
25,017,48955,14460,1120,1120,1120,1120,TRUE
25,017,80230,14460,1120,1120,1120,1120,TRUE
25,017,09840,14460,1120,1120,1120,1120,TRUE
25,017,81035,14460,1120,1120,1120,1120,TRUE
25,017,56130,14460,1120,1120,1120,1120,TRUE
25,017,72215,14460,1120,1120,1120,1120,TRUE
25,017,40115,14460,1120,1120,1120,1120,TRUE
25,017,67665,14460,1120,1120,1120,1120,TRUE
25,017,80510,14460,1120,1120,1120,1120,TRUE
25,017,39835,14460,1120,1120,1120,1120,TRUE
25,017,37875,14460,1120,1120,1120,1120,TRUE
25,017,21990,14460,1120,1120,1120,1120,TRUE
25,017,62535,14460,1120,1120,1120,1120,TRUE
25,017,11000,14460,1120,1120,1120,1120,TRUE
25,017,01605,14460,1120,1120,1120,1120,TRUE
25,017,05070,14460,1120,1120,1120,1120,TRUE
25,017,35215,14460,1120,1120,1120,1120,TRUE
25,017,04615,14460,1120,1120,1120,1120,TRUE
25,017,35425,14460,1120,1120,1120,1120,TRUE
25,017,15060,14460,1120,1120,1120,1120,TRUE
25,017,11525,14460,NA,1120,1120,1120,TRUE
25,017,00380,14460,NA,1120,1120,1120,TRUE
25,017,39625,14460,NA,NA,1120,1120,TRUE
25,017,68260,14460,1120,1120,1120,1120,TRUE
25,017,73790,14460,1120,1120,1120,1120,TRUE
25,017,77255,14460,1120,1120,1120,1120,TRUE
25,017,72600,14460,1120,1120,1120,1120,TRUE
25,017,73440,14460,NA,NA,NA,1120,TRUE
25,017,45560,14460,1120,1120,1120,1120,TRUE
25,017,43895,14460,1120,1120,1120,1120,TRUE
25,017,24925,14460,1120,1120,1120,1120,TRUE
25,017,02130,14460,1120,1120,1120,1120,TRUE
25,017,61380,14460,1120,1120,1120,1120,TRUE
25,017,30700,14460,NA,1120,1120,1120,TRUE
25,017,07350,14460,NA,1120,1120,1120,TRUE
25,017,61590,14460,2600,2600,1120,1120,TRUE
25,021,09175,14460,1120,1120,1120,1120,TRUE
25,021,16495,14460,1120,1120,1120,1120,TRUE
25,021,44105,14460,1120,1120,1120,1120,TRUE
25,021,74175,14460,1120,1120,1120,1120,TRUE
25,021,17405,14460,1120,1120,1120,1120,TRUE
25,021,39765,14460,1120,1120,1120,1120,TRUE
25,021,41515,14460,1120,1120,1120,1120,TRUE
25,021,39975,14460,NA,1120,1120,1120,TRUE
25,021,46050,14460,1120,1120,1120,1120,TRUE
25,021,24820,14460,NA,1120,1120,1120,TRUE
25,021,72495,14460,1120,1120,1120,1120,TRUE
25,021,78690,14460,1120,1120,1120,1120,TRUE
25,021,50250,14460,1120,1120,1120,1120,TRUE
25,021,60785,14460,1120,1120,1120,1120,TRUE
25,021,11315,14460,1120,1120,1120,1120,TRUE
25,021,41690,14460,1120,1120,1120,1120,TRUE
25,021,55745,14460,1120,1120,1120,1120,TRUE
25,021,55955,14460,1120,1120,1120,1120,TRUE
25,021,30455,14460,1120,1120,1120,1120,TRUE
25,021,14640,14460,1120,1120,1120,1120,TRUE
25,021,54100,14460,6480,6480,6060,1120,TRUE
25,021,82315,14460,6480,1120,1120,1120,TRUE
25,021,04930,14460,6480,1120,1120,1120,TRUE
25,021,67945,14460,1200,1120,1120,1120,TRUE
25,021,02935,14460,1200,1200,1200,1200,TRUE
25,023,31645,14460,1120,1120,1120,1120,TRUE
25,023,30210,14460,1120,1120,1120,1120,TRUE
25,023,57775,14460,1120,1120,1120,1120,TRUE
25,023,28285,14460,1120,1120,1120,1120,TRUE
25,023,50145,14460,1120,1120,1120,1120,TRUE
25,023,60330,14460,1120,1120,1120,1120,TRUE
25,023,38855,14460,1120,1120,1120,1120,TRUE
25,023,17895,14460,1120,1120,1120,1120,TRUE
25,023,52630,14460,1120,1120,1120,1120,TRUE
25,023,33220,14460,NA,1120,1120,1120,TRUE
25,023,09000,14460,1200,1200,1200,1200,TRUE
25,023,00170,14460,1200,1120,1200,1200,TRUE
25,023,79530,14460,1200,1200,1200,1200,TRUE
25,023,28495,14460,1200,1120,1120,1200,TRUE
25,023,18455,14460,1200,1200,1200,1200,TRUE
25,023,75260,14460,1200,1200,1200,1200,TRUE
25,023,08085,14460,1200,1200,1200,1200,TRUE
25,023,27795,14460,NA,1200,1200,1200,TRUE
25,023,54310,14460,NA,NA,1120,1120,TRUE
25,023,33920,14460,NA,5400,1120,1200,TRUE
25,023,57600,14460,NA,NA,5400,5400,TRUE
25,023,40850,14460,NA,NA,1120,1200,TRUE
25,023,54415,14460,NA,NA,1120,1200,TRUE
25,023,11665,14460,NA,NA,1120,1120,TRUE
25,023,72985,14460,NA,NA,NA,1120,TRUE
25,023,39450,14460,5400,5400,5400,5400,TRUE
25,023,38540,14460,5400,5400,5400,5400,TRUE
25,025,07000,14460,1120,1120,1120,1120,TRUE
25,025,13205,14460,1120,1120,1120,1120,TRUE
25,025,56585,14460,1120,1120,1120,1120,TRUE
25,027,01885,49340,NA,NA,2600,2600,TRUE
25,027,80405,49340,NA,NA,NA,2600,TRUE
25,027,69275,49340,NA,NA,NA,2600,TRUE
25,027,25485,49340,NA,NA,NA,2600,TRUE
25,027,77010,49340,2600,2600,2600,2600,TRUE
25,027,35075,49340,2600,2600,2600,2600,TRUE
25,027,23875,49340,2600,2600,2600,2600,TRUE
25,027,37420,49340,2600,2600,2600,2600,TRUE
25,027,34165,49340,NA,NA,1120,1120,TRUE
25,027,06365,49340,NA,NA,1120,1120,TRUE
25,027,14395,49340,NA,NA,9240,9240,TRUE
25,027,05490,49340,9240,9240,1120,1120,TRUE
25,027,07525,49340,9240,9240,9240,9240,TRUE
25,027,67385,49340,9240,9240,9240,9240,TRUE
25,027,55395,49340,NA,NA,9240,9240,TRUE
25,027,50670,49340,NA,NA,NA,9240,TRUE
25,027,58825,49340,NA,NA,9240,9240,TRUE
25,027,03740,49340,NA,NA,9240,9240,TRUE
25,027,75400,49340,NA,NA,NA,9240,TRUE
25,027,47135,49340,9240,9240,9240,9240,TRUE
25,027,66105,49340,9240,9240,9240,9240,TRUE
25,027,52420,49340,9240,9240,9240,9240,TRUE
25,027,30560,49340,9240,9240,9240,9240,TRUE
25,027,75155,49340,9240,9240,9240,9240,TRUE
25,027,82000,49340,9240,9240,9240,9240,TRUE
25,027,34795,49340,9240,9240,9240,9240,TRUE
25,027,02760,49340,9240,9240,9240,9240,TRUE
25,027,41340,49340,9240,9240,9240,9240,TRUE
25,027,26430,49340,9240,9240,9240,9240,TRUE
25,027,61800,49340,9240,9240,9240,9240,TRUE
25,027,46820,49340,9240,9240,9240,9240,TRUE
25,027,63165,49340,NA,NA,1120,1120,TRUE
25,027,75015,49340,9240,9240,9240,9240,TRUE
25,027,71480,49340,9240,9240,1120,1120,TRUE
25,027,41165,49340,NA,NA,1120,1120,TRUE
25,027,30945,49340,NA,NA,1120,1120,TRUE
25,027,40255,49340,NA,NA,1120,1120,TRUE
25,027,06015,49340,6480,6480,6060,1120,TRUE
25,027,41585,49340,6480,6480,6060,1120,TRUE
25,027,71620,49340,NA,9240,9240,9240,TRUE
25,027,46925,49340,9240,9240,9240,9240,TRUE
25,027,68610,49340,9240,9240,9240,9240,TRUE
25,027,17300,49340,NA,NA,9240,9240,TRUE
25,027,51825,49340,9240,9240,9240,9240,TRUE
25,027,73895,49340,NA,9240,9240,9240,TRUE
25,027,17685,49340,NA,NA,9240,9240,TRUE
25,027,12715,49340,NA,9240,9240,9240,TRUE
25,027,68155,49340,NA,NA,NA,9240,TRUE
25,027,18560,49340,9240,9240,9240,9240,TRUE
25,027,09105,49340,9240,9240,9240,9240,TRUE
25,027,73090,49340,8000,8000,NA,NA,TRUE
25,027,28950,49340,NA,NA,1120,1120,TRUE
33,011,45140,31700,4760,4760,4760,4760,TRUE
33,011,29860,31700,4760,4760,4760,4760,TRUE
33,011,04500,31700,4760,4760,4760,4760,TRUE
33,011,50260,31700,5350,5350,5350,5350,TRUE
33,011,37940,31700,5350,5350,5350,5350,TRUE
33,011,42260,31700,NA,NA,5350,5350,TRUE
33,011,47540,31700,NA,5350,5350,5350,TRUE
33,011,01300,31700,NA,5350,5350,5350,TRUE
33,011,48020,31700,NA,5350,5350,5350,TRUE
33,011,37140,31700,NA,NA,5350,5350,TRUE
33,011,08100,31700,NA,NA,5350,5350,TRUE
33,011,31940,31700,NA,NA,NA,5350,TRUE
33,011,46260,31700,NA,NA,NA,5350,TRUE
33,011,85220,31700,NA,NA,5350,5350,TRUE
33,011,49140,31700,NA,NA,5350,5350,TRUE
33,011,79780,31700,NA,NA,NA,4760,TRUE
33,011,51940,31700,NA,NA,NA,5350,TRUE
33,011,59940,31700,NA,4560,4560,4560,TRUE
33,013,37300,18180,4760,4760,4760,4760,TRUE
33,013,00660,18180,NA,4760,4760,4760,TRUE
33,013,60020,18180,NA,4760,NA,NA,TRUE
33,015,17940,14460,NA,4760,4160,4160,TRUE
33,015,43220,14460,NA,4760,5350,4760,TRUE
33,015,02820,14460,NA,NA,4760,4760,TRUE
33,015,09300,14460,NA,NA,4760,4760,TRUE
33,015,12100,14460,NA,NA,NA,4160,TRUE
33,015,67620,14460,NA,NA,4160,4160,TRUE
33,015,17140,14460,NA,NA,4160,4160,TRUE
33,015,27940,14460,NA,NA,NA,4160,TRUE
33,015,64020,14460,NA,NA,NA,4160,TRUE
33,015,24660,14460,NA,NA,NA,6450,TRUE
33,015,07220,14460,NA,NA,4160,6450,TRUE
33,015,25380,14460,NA,NA,6450,6450,TRUE
33,015,21380,14460,NA,NA,4160,6450,TRUE
33,015,39780,14460,NA,NA,NA,6450,TRUE
33,015,68260,14460,NA,NA,4160,1120,TRUE
33,015,33460,14460,NA,NA,NA,6450,TRUE
33,015,33060,14460,NA,6450,6450,6450,TRUE
33,015,54580,14460,NA,6450,6450,6450,TRUE
33,015,74340,14460,NA,NA,6450,6450,TRUE
33,015,52340,14460,NA,6450,6450,6450,TRUE
33,015,62900,14460,NA,6450,6450,6450,TRUE
33,015,66180,14460,NA,6450,6450,6450,TRUE
33,015,66660,14460,4160,4160,4160,4160,TRUE
33,015,62500,14460,4160,4160,4160,4160,TRUE
33,015,52900,14460,4160,4160,4160,4160,TRUE
33,015,02340,14460,NA,4160,4160,4160,TRUE
33,015,32900,14460,NA,4160,4160,4160,TRUE
33,015,40100,14460,NA,4160,4160,4160,TRUE
33,015,85780,14460,NA,4160,4160,4160,TRUE
33,015,31700,14460,NA,6450,6450,6450,TRUE
33,017,19700,14460,NA,6450,6450,6450,TRUE
33,017,41460,14460,NA,6450,6450,6450,TRUE
33,017,18820,14460,NA,6450,6450,6450,TRUE
33,017,65540,14460,NA,6450,6450,6450,TRUE
33,017,69940,14460,NA,6450,6450,6450,TRUE
33,017,65140,14460,NA,6450,6450,6450,TRUE
33,017,03460,14460,NA,6450,6450,6450,TRUE
33,017,26020,14460,NA,6450,6450,6450,TRUE
33,017,48660,14460,NA,NA,6450,6450,TRUE
44,001,05140,39300,6480,6480,6480,6480,TRUE
44,001,73760,39300,6480,6480,6480,6480,TRUE
44,001,09280,39300,6480,6480,6480,6480,TRUE
44,003,78440,39300,6480,6480,6480,6480,TRUE
44,003,18640,39300,6480,6480,6480,6480,TRUE
44,003,77720,39300,NA,NA,NA,6480,TRUE
44,003,22240,39300,6480,6480,6480,6480,TRUE
44,003,74300,39300,6480,6480,6480,6480,TRUE
44,005,57880,39300,NA,2480,NA,NA,TRUE
44,005,36820,39300,6480,6480,6480,6480,TRUE
44,005,42400,39300,NA,2480,2480,6480,TRUE
44,005,70880,39300,2480,2480,2480,6480,TRUE
44,007,59000,39300,6480,6480,6480,6480,TRUE
44,007,22960,39300,6480,6480,6480,6480,TRUE
44,007,14140,39300,6480,6480,6060,6480,TRUE
44,007,20080,39300,6480,6480,6060,6480,TRUE
44,007,41500,39300,6480,6480,6060,6480,TRUE
44,007,51760,39300,6480,6480,6480,6480,TRUE
44,007,37720,39300,6480,6480,6480,6480,TRUE
44,007,66200,39300,6480,6480,6060,6480,TRUE
44,007,52480,39300,6480,6480,6060,6480,TRUE
44,007,11800,39300,6480,6480,6060,6480,TRUE
44,007,30340,39300,NA,NA,6480,6480,TRUE
44,007,64220,39300,NA,6480,6480,6480,TRUE
44,007,27460,39300,NA,NA,6480,6480,TRUE
44,007,19180,39300,6480,6480,6480,6480,TRUE
44,007,54640,39300,6480,6480,6060,6480,TRUE
44,007,80780,39300,6480,6480,6060,6480,TRUE
44,009,51580,39300,6480,6480,6480,6480,TRUE
44,009,25300,39300,NA,NA,6480,6480,TRUE
44,009,61160,39300,NA,NA,6480,6480,TRUE
44,009,35380,39300,NA,5520,5520,5520,TRUE
44,009,77000,39300,NA,5520,5520,5520,TRUE
44,009,14500,39300,NA,NA,NA,6480,TRUE
44,009,67460,39300,NA,6480,6480,6480,TRUE
44,009,48340,39300,6480,6480,6480,6480,TRUE
50,007,10675,15540,NA,1305,1305,1305,TRUE
50,007,45250,15540,NA,1305,1305,1305,TRUE
50,007,14875,15540,NA,1305,1305,1305,TRUE
50,007,85150,15540,NA,1305,1305,1305,TRUE
50,007,24175,15540,NA,1305,1305,1305,TRUE
50,007,36700,15540,NA,1305,1305,1305,TRUE
50,007,59275,15540,NA,1305,1305,1305,TRUE
50,007,84475,15540,NA,1305,1305,1305,TRUE
50,007,66175,15540,NA,1305,1305,1305,TRUE
50,007,64300,15540,NA,1305,1305,1305,TRUE
50,007,13300,15540,NA,1305,1305,1305,TRUE
50,007,33475,15540,NA,1305,1305,1305,TRUE
50,011,71725,15540,NA,NA,NA,1305,TRUE
50,011,61750,15540,NA,NA,NA,1305,TRUE
50,011,61675,15540,NA,NA,NA,1305,TRUE
50,011,27700,15540,NA,1305,1305,1305,TRUE
50,011,24925,15540,NA,NA,NA,1305,TRUE
50,013,67000,15540,NA,1305,1305,1305,TRUE
01,001,NA,33860,NA,5240,5240,5240,FALSE
01,003,NA,19300,5160,5160,5160,5160,FALSE
01,009,NA,13820,NA,NA,1000,1000,FALSE
01,015,NA,11500,NA,450,450,450,FALSE
01,033,NA,22520,NA,2650,2650,2650,FALSE
01,045,NA,21460,NA,NA,2180,2180,FALSE
01,051,NA,33860,5240,5240,5240,5240,FALSE
01,055,NA,23460,2880,2880,2880,2880,FALSE
01,069,NA,20020,NA,NA,2180,2180,FALSE
01,073,NA,13820,1000,1000,1000,1000,FALSE
01,077,NA,22520,NA,2650,2650,2650,FALSE
01,079,NA,19460,NA,NA,2030,2030,FALSE
01,081,NA,12220,NA,NA,NA,580,FALSE
01,083,NA,26620,3440,3440,NA,3440,FALSE
01,089,NA,26620,3440,3440,3440,3440,FALSE
01,095,NA,10700,NA,3440,NA,NA,FALSE
01,097,NA,33660,5160,5160,5160,5160,FALSE
01,101,NA,33860,5240,5240,5240,5240,FALSE
01,103,NA,19460,NA,NA,2030,2030,FALSE
01,113,NA,17980,1800,1800,1800,1800,FALSE
01,115,NA,13820,NA,1000,1000,1000,FALSE
01,117,NA,13820,1000,1000,1000,1000,FALSE
01,125,NA,46220,8600,8600,8600,8600,FALSE
01,127,NA,13820,1000,1000,1000,NA,FALSE
02,020,NA,11260,NA,380,380,380,FALSE
04,005,NA,22380,NA,NA,NA,2620,FALSE
04,013,NA,38060,6200,6200,6200,6200,FALSE
04,015,NA,29420,NA,NA,NA,4120,FALSE
04,019,NA,46060,8520,8520,8520,8520,FALSE
04,021,NA,38060,NA,NA,NA,6200,FALSE
04,027,NA,49740,NA,NA,9360,9360,FALSE
05,007,NA,22220,NA,2580,NA,2580,FALSE
05,031,NA,27860,NA,NA,NA,3700,FALSE
05,033,NA,22900,2720,2720,2720,2720,FALSE
05,035,NA,32820,4920,4920,4920,4920,FALSE
05,045,NA,30780,NA,NA,4400,4400,FALSE
05,069,NA,38220,6240,6240,6240,6240,FALSE
05,085,NA,30780,NA,NA,4400,4400,FALSE
05,091,NA,45500,8360,8360,8360,8360,FALSE
05,119,NA,30780,4400,4400,4400,4400,FALSE
05,125,NA,30780,4400,4400,4400,4400,FALSE
05,131,NA,22900,2720,2720,2720,2720,FALSE
05,143,NA,22220,NA,2580,2580,2580,FALSE
06,001,NA,41860,7360,7360,5775,5775,FALSE
06,007,NA,17020,NA,1620,1620,1620,FALSE
06,013,NA,41860,7360,7360,5775,5775,FALSE
06,017,NA,40900,NA,NA,6920,6920,FALSE
06,019,NA,23420,2840,2840,2840,2840,FALSE
06,029,NA,12540,680,680,680,680,FALSE
06,037,NA,31100,4480,4480,4480,4480,FALSE
06,039,NA,31460,NA,NA,NA,2840,FALSE
06,041,NA,41860,7360,7360,7360,7360,FALSE
06,047,NA,32900,NA,NA,4940,4940,FALSE
06,053,NA,41500,7120,7120,7120,7120,FALSE
06,055,NA,34900,8720,8720,8720,8720,FALSE
06,059,NA,31100,360,360,360,5945,FALSE
06,061,NA,40900,6920,6920,6920,6920,FALSE
06,065,NA,40140,7280,6780,6780,6780,FALSE
06,067,NA,40900,6920,6920,6920,6920,FALSE
06,071,NA,40140,7280,6780,6780,6780,FALSE
06,073,NA,41740,7320,7320,7320,7320,FALSE
06,075,NA,41860,7360,7360,7360,7360,FALSE
06,077,NA,44700,8120,8120,8120,8120,FALSE
06,079,NA,42020,NA,NA,NA,7460,FALSE
06,081,NA,41860,7360,7360,7360,7360,FALSE
06,083,NA,42060,7480,7480,7480,7480,FALSE
06,085,NA,41940,7400,7400,7400,7400,FALSE
06,087,NA,42100,NA,7485,7485,7485,FALSE
06,089,NA,39820,NA,6690,6690,6690,FALSE
06,095,NA,46700,8720,8720,8720,8720,FALSE
06,097,NA,42220,7500,7500,7500,7500,FALSE
06,099,NA,33700,5170,5170,5170,5170,FALSE
06,101,NA,49700,NA,9340,9340,9340,FALSE
06,107,NA,47300,NA,8780,8780,8780,FALSE
06,111,NA,37100,6000,6000,6000,8735,FALSE
06,113,NA,40900,6920,6920,6920,9270,FALSE
06,115,NA,49700,NA,9340,9340,9340,FALSE
08,001,NA,19740,2080,2080,2080,2080,FALSE
08,005,NA,19740,2080,2080,2080,2080,FALSE
08,013,NA,14500,2080,2080,1125,1125,FALSE
08,031,NA,19740,2080,2080,2080,2080,FALSE
08,035,NA,19740,NA,2080,2080,2080,FALSE
08,041,NA,17820,1720,1720,1720,1720,FALSE
08,047,NA,19740,NA,2080,NA,NA,FALSE
08,059,NA,19740,2080,2080,2080,2080,FALSE
08,069,NA,22660,NA,2670,2670,2670,FALSE
08,077,NA,24300,NA,NA,NA,2995,FALSE
08,101,NA,39380,6560,6560,6560,6560,FALSE
08,119,NA,17820,NA,1720,NA,NA,FALSE
08,123,NA,24540,NA,3060,3060,3060,FALSE
10,001,NA,20100,NA,NA,NA,2190,FALSE
10,003,NA,37980,9160,9160,9160,9160,FALSE
11,001,NA,47900,8840,8840,8840,8840,FALSE
12,001,NA,23540,2900,2900,2900,2900,FALSE
12,003,NA,27260,NA,3600,NA,NA,FALSE
12,005,NA,37460,NA,6015,6015,6015,FALSE
12,009,NA,37340,NA,4900,4900,4900,FALSE
12,011,NA,33100,2680,2680,2680,2680,FALSE
12,015,NA,39460,NA,NA,NA,6580,FALSE
12,019,NA,27260,NA,3600,3600,3600,FALSE
12,021,NA,34940,NA,NA,5345,5345,FALSE
12,031,NA,27260,3600,3600,3600,3600,FALSE
12,033,NA,37860,6080,6080,6080,6080,FALSE
12,035,NA,37380,NA,NA,NA,2020,FALSE
12,039,NA,45220,NA,NA,8240,8240,FALSE
12,053,NA,45300,NA,NA,8280,8280,FALSE
12,057,NA,45300,8280,8280,8280,8280,FALSE
12,069,NA,36740,NA,NA,NA,5960,FALSE
12,071,NA,15980,NA,2700,2700,2700,FALSE
12,073,NA,45220,8240,8240,8240,8240,FALSE
12,081,NA,35840,NA,1140,1140,7510,FALSE
12,083,NA,36100,NA,5790,5790,5790,FALSE
12,085,NA,38940,NA,NA,2710,2710,FALSE
12,086,NA,33100,NA,NA,NA,5000,FALSE
12,089,NA,27260,NA,3600,3600,3600,FALSE
12,091,NA,18880,NA,2750,2750,2750,FALSE
12,095,NA,36740,5960,5960,5960,5960,FALSE
12,097,NA,36740,NA,5960,5960,5960,FALSE
12,099,NA,33100,8960,8960,8960,8960,FALSE
12,101,NA,45300,NA,8280,8280,8280,FALSE
12,103,NA,45300,8280,8280,8280,8280,FALSE
12,105,NA,29460,NA,3980,3980,3980,FALSE
12,109,NA,27260,NA,3600,3600,3600,FALSE
12,111,NA,38940,NA,NA,2710,2710,FALSE
12,113,NA,37860,6080,6080,6080,6080,FALSE
12,115,NA,35840,NA,7510,7510,7510,FALSE
12,117,NA,36740,5960,5960,5960,5960,FALSE
12,127,NA,19660,NA,2020,2020,2020,FALSE
12,129,NA,45220,NA,8240,NA,NA,FALSE
13,013,NA,12060,NA,NA,520,520,FALSE
13,015,NA,12060,NA,NA,NA,520,FALSE
13,021,NA,31420,4680,4680,4680,4680,FALSE
13,029,NA,42340,NA,7520,NA,7520,FALSE
13,035,NA,12060,NA,520,520,NA,FALSE
13,045,NA,12060,NA,NA,NA,520,FALSE
13,047,NA,16860,NA,1560,1560,1560,FALSE
13,051,NA,42340,7520,7520,7520,7520,FALSE
13,053,NA,17980,1800,1800,1800,1800,FALSE
13,057,NA,12060,NA,520,520,520,FALSE
13,059,NA,12020,NA,500,500,500,FALSE
13,063,NA,12060,520,520,520,520,FALSE
13,067,NA,12060,520,520,520,520,FALSE
13,073,NA,12260,NA,600,600,600,FALSE
13,077,NA,12060,NA,NA,520,520,FALSE
13,083,NA,16860,NA,1560,1560,1560,FALSE
13,089,NA,12060,520,520,520,520,FALSE
13,095,NA,10500,120,120,120,120,FALSE
13,097,NA,12060,NA,520,520,520,FALSE
13,103,NA,42340,NA,7520,7520,7520,FALSE
13,113,NA,12060,NA,520,520,520,FALSE
13,117,NA,12060,NA,520,520,520,FALSE
13,121,NA,12060,520,520,520,520,FALSE
13,135,NA,12060,520,520,520,520,FALSE
13,145,NA,17980,NA,NA,NA,1800,FALSE
13,151,NA,12060,NA,520,520,520,FALSE
13,153,NA,47580,4680,4680,4680,4680,FALSE
13,169,NA,31420,NA,4680,4680,4680,FALSE
13,177,NA,10500,NA,120,120,120,FALSE
13,189,NA,12260,NA,NA,600,600,FALSE
13,195,NA,12020,NA,500,500,500,FALSE
13,215,NA,17980,1800,1800,1800,1800,FALSE
13,217,NA,12060,NA,520,520,520,FALSE
13,219,NA,12020,NA,500,500,500,FALSE
13,223,NA,12060,NA,520,520,520,FALSE
13,225,NA,22980,NA,NA,4680,4680,FALSE
13,227,NA,12060,NA,NA,NA,520,FALSE
13,245,NA,12260,600,600,600,600,FALSE
13,247,NA,12060,NA,520,520,520,FALSE
13,255,NA,12060,NA,NA,520,520,FALSE
13,289,NA,31420,NA,4680,NA,4680,FALSE
13,295,NA,16860,1560,1560,1560,1560,FALSE
13,297,NA,12060,NA,520,520,520,FALSE
15,003,NA,26180,3320,3320,3320,3320,FALSE
16,001,NA,14260,1080,1080,1080,1080,FALSE
16,005,NA,38540,NA,NA,NA,6340,FALSE
16,027,NA,14260,NA,NA,NA,1080,FALSE
17,007,NA,40420,6880,6880,6880,6880,FALSE
17,019,NA,16580,1400,1400,1400,1400,FALSE
17,027,NA,41180,NA,7040,7040,7040,FALSE
17,031,NA,16980,1600,1600,1600,1600,FALSE
17,037,NA,16980,NA,NA,NA,1600,FALSE
17,043,NA,16980,1600,1600,1600,1600,FALSE
17,063,NA,16980,NA,NA,3690,1600,FALSE
17,073,NA,19340,1960,1960,1960,1960,FALSE
17,083,NA,41180,NA,NA,7040,7040,FALSE
17,089,NA,16980,1600,1600,620,1600,FALSE
17,091,NA,28100,NA,3740,3740,3740,FALSE
17,093,NA,16980,NA,NA,620,1600,FALSE
17,097,NA,16980,1600,1600,3965,1600,FALSE
17,111,NA,16980,1600,1600,1600,1600,FALSE
17,113,NA,14060,1040,1040,1040,1040,FALSE
17,115,NA,19500,2040,2040,2040,2040,FALSE
17,119,NA,41180,7040,7040,7040,7040,FALSE
17,129,NA,44100,NA,7880,7880,7880,FALSE
17,133,NA,41180,NA,7040,7040,7040,FALSE
17,141,NA,40300,NA,NA,NA,6880,FALSE
17,143,NA,37900,6120,6120,6120,6120,FALSE
17,161,NA,19340,1960,1960,1960,1960,FALSE
17,163,NA,41180,7040,7040,7040,7040,FALSE
17,167,NA,44100,7880,7880,7880,7880,FALSE
17,179,NA,37900,6120,6120,6120,6120,FALSE
17,197,NA,16980,1600,1600,3690,1600,FALSE
17,201,NA,40420,6880,6880,6880,6880,FALSE
17,203,NA,37900,6120,6120,6120,6120,FALSE
18,001,NA,19540,NA,2760,NA,2760,FALSE
18,003,NA,23060,2760,2760,2760,2760,FALSE
18,011,NA,26900,3480,3480,3480,3480,FALSE
18,019,NA,31140,4520,4520,4520,4520,FALSE
18,021,NA,45460,8320,8320,8320,8320,FALSE
18,023,NA,23140,NA,NA,NA,3920,FALSE
18,029,NA,17140,1640,1640,1640,1640,FALSE
18,033,NA,12140,NA,2760,2760,2760,FALSE
18,035,NA,34620,5280,5280,5280,5280,FALSE
18,039,NA,21140,NA,2330,2330,2330,FALSE
18,043,NA,31140,4520,4520,4520,4520,FALSE
18,051,NA,21780,NA,2440,NA,NA,FALSE
18,057,NA,26900,3480,3480,3480,3480,FALSE
18,059,NA,26900,3480,3480,3480,3480,FALSE
18,061,NA,31140,NA,NA,4520,4520,FALSE
18,063,NA,26900,3480,3480,3480,3480,FALSE
18,067,NA,29020,NA,3850,3850,3850,FALSE
18,069,NA,26540,NA,NA,NA,2760,FALSE
18,081,NA,26900,3480,3480,3480,3480,FALSE
18,089,NA,16980,2960,2960,2960,2960,FALSE
18,095,NA,11300,400,400,400,3480,FALSE
18,097,NA,26900,3480,3480,3480,3480,FALSE
18,099,NA,38500,7800,7800,NA,NA,FALSE
18,105,NA,14020,NA,1020,1020,1020,FALSE
18,109,NA,26900,3480,3480,3480,3480,FALSE
18,115,NA,17140,NA,NA,NA,1640,FALSE
18,127,NA,16980,2960,2960,2960,2960,FALSE
18,129,NA,21780,NA,2440,2440,2440,FALSE
18,141,NA,43780,7800,7800,7800,7800,FALSE
18,143,NA,42500,NA,NA,NA,4520,FALSE
18,145,NA,26900,3480,3480,3480,3480,FALSE
18,153,NA,45460,8320,8320,NA,NA,FALSE
18,157,NA,29140,3920,3920,3920,3920,FALSE
18,159,NA,29020,NA,3850,3850,3850,FALSE
18,163,NA,21780,2440,2440,2440,2440,FALSE
18,165,NA,45460,8320,8320,NA,8320,FALSE
18,167,NA,45460,8320,8320,8320,8320,FALSE
18,173,NA,21780,2440,2440,2440,2440,FALSE
18,179,NA,23060,NA,2760,NA,2760,FALSE
18,183,NA,23060,NA,NA,2760,2760,FALSE
19,013,NA,47940,8920,8920,8920,8920,FALSE
19,017,NA,47940,NA,NA,8920,NA,FALSE
19,049,NA,19780,NA,NA,2120,2120,FALSE
19,061,NA,20220,2200,2200,2200,2200,FALSE
19,103,NA,26980,NA,3500,3500,3500,FALSE
19,113,NA,16300,1360,1360,1360,1360,FALSE
19,153,NA,19780,2120,2120,2120,2120,FALSE
19,155,NA,36540,5920,5920,5920,5920,FALSE
19,163,NA,19340,1960,1960,1960,1960,FALSE
19,181,NA,19780,NA,2120,2120,2120,FALSE
19,193,NA,43580,7720,7720,7720,7720,FALSE
20,015,NA,48620,9040,9040,9040,9040,FALSE
20,045,NA,29940,NA,4150,4150,4150,FALSE
20,079,NA,48620,NA,NA,9040,9040,FALSE
20,087,NA,45820,NA,8440,NA,NA,FALSE
20,091,NA,28140,3760,3760,3760,3760,FALSE
20,103,NA,28140,NA,NA,3760,3760,FALSE
20,121,NA,28140,NA,NA,3760,3760,FALSE
20,139,NA,45820,NA,8440,NA,NA,FALSE
20,173,NA,48620,9040,9040,9040,9040,FALSE
20,177,NA,45820,8440,8440,8440,8440,FALSE
20,209,NA,28140,3760,3760,3760,3760,FALSE
21,015,NA,17140,1640,1640,1640,1640,FALSE
21,017,NA,30460,NA,4280,4280,4280,FALSE
21,019,NA,26580,3400,3400,3400,3400,FALSE
21,029,NA,31140,NA,4520,4520,4520,FALSE
21,037,NA,17140,1640,1640,1640,1640,FALSE
21,047,NA,17300,NA,1660,1660,1660,FALSE
21,049,NA,30460,NA,4280,4280,4280,FALSE
21,059,NA,36980,5990,5990,5990,5990,FALSE
21,067,NA,30460,4280,4280,4280,4280,FALSE
21,077,NA,17140,NA,NA,NA,1640,FALSE
21,081,NA,17140,NA,NA,NA,1640,FALSE
21,089,NA,26580,NA,3400,3400,3400,FALSE
21,101,NA,21780,2440,2440,2440,2440,FALSE
21,111,NA,31140,4520,4520,4520,4520,FALSE
21,113,NA,30460,NA,4280,4280,4280,FALSE
21,117,NA,17140,1640,1640,1640,1640,FALSE
21,151,NA,40080,NA,NA,NA,4280,FALSE
21,185,NA,31140,NA,4520,4520,4520,FALSE
21,191,NA,17140,NA,NA,NA,1640,FALSE
21,209,NA,30460,NA,4280,4280,4280,FALSE
21,211,NA,31140,NA,NA,4520,NA,FALSE
21,239,NA,30460,NA,4280,4280,4280,FALSE
22,001,NA,18940,NA,NA,NA,3880,FALSE
22,005,NA,12940,NA,760,760,760,FALSE
22,015,NA,43340,7680,7680,7680,7680,FALSE
22,017,NA,43340,7680,7680,7680,7680,FALSE
22,019,NA,29340,3960,3960,3960,3960,FALSE
22,033,NA,12940,760,760,760,760,FALSE
22,043,NA,10780,NA,220,NA,NA,FALSE
22,051,NA,35380,5560,5560,5560,5560,FALSE
22,055,NA,29180,3880,3880,3880,3880,FALSE
22,057,NA,26380,NA,NA,3350,3350,FALSE
22,063,NA,12940,NA,760,760,760,FALSE
22,071,NA,35380,5560,5560,5560,5560,FALSE
22,073,NA,33740,5200,5200,5200,5200,FALSE
22,075,NA,35380,NA,NA,NA,5560,FALSE
22,079,NA,10780,NA,220,220,220,FALSE
22,087,NA,35380,5560,5560,5560,5560,FALSE
22,089,NA,35380,NA,NA,5560,5560,FALSE
22,095,NA,35380,NA,NA,5560,5560,FALSE
22,097,NA,36660,NA,NA,NA,3880,FALSE
22,099,NA,29180,NA,NA,3880,3880,FALSE
22,103,NA,35380,5560,5560,5560,5560,FALSE
22,109,NA,26380,NA,NA,3350,3350,FALSE
22,119,NA,33380,NA,7680,NA,7680,FALSE
22,121,NA,12940,NA,760,760,760,FALSE
24,001,NA,19060,NA,1900,1900,1900,FALSE
24,003,NA,12580,720,720,720,720,FALSE
24,005,NA,12580,720,720,720,720,FALSE
24,009,NA,47900,NA,NA,8840,8840,FALSE
24,013,NA,12580,720,720,720,720,FALSE
24,015,NA,37980,9160,9160,9160,9160,FALSE
24,017,NA,47900,NA,8840,8840,8840,FALSE
24,021,NA,47900,NA,NA,8840,8840,FALSE
24,025,NA,12580,720,720,720,720,FALSE
24,027,NA,12580,720,720,720,720,FALSE
24,031,NA,47900,8840,8840,8840,8840,FALSE
24,033,NA,47900,8840,8840,8840,8840,FALSE
24,035,NA,12580,NA,NA,720,720,FALSE
24,043,NA,25180,NA,3180,3180,3180,FALSE
24,510,NA,12580,720,720,720,720,FALSE
26,005,NA,10880,NA,NA,NA,3000,FALSE
26,015,NA,24340,NA,780,NA,NA,FALSE
26,017,NA,13020,800,800,6960,6960,FALSE
26,021,NA,35660,NA,870,870,870,FALSE
26,025,NA,12980,NA,780,780,3720,FALSE
26,037,NA,29620,4040,4040,4040,4040,FALSE
26,045,NA,29620,4040,4040,4040,4040,FALSE
26,049,NA,22420,2640,2640,2640,2640,FALSE
26,065,NA,29620,4040,4040,4040,4040,FALSE
26,067,NA,24340,NA,4040,NA,NA,FALSE
26,075,NA,27100,3520,3520,3520,3520,FALSE
26,077,NA,28020,3720,3720,3720,3720,FALSE
26,081,NA,24340,3000,3000,3000,3000,FALSE
26,087,NA,19820,2640,2160,2160,2160,FALSE
26,091,NA,10300,NA,NA,NA,440,FALSE
26,093,NA,19820,NA,2160,2160,440,FALSE
26,099,NA,19820,2160,2160,2160,2160,FALSE
26,111,NA,33220,NA,NA,6960,6960,FALSE
26,115,NA,33780,8400,8400,2160,2160,FALSE
26,121,NA,34740,5320,5320,5320,3000,FALSE
26,125,NA,19820,2160,2160,2160,2160,FALSE
26,139,NA,26100,3000,3000,3000,3000,FALSE
26,145,NA,40980,6960,6960,6960,6960,FALSE
26,147,NA,19820,NA,2160,2160,2160,FALSE
26,155,NA,37020,NA,2640,NA,NA,FALSE
26,159,NA,28020,NA,3720,NA,3720,FALSE
26,161,NA,11460,440,440,440,440,FALSE
26,163,NA,19820,2160,2160,2160,2160,FALSE
27,003,NA,33460,5120,5120,5120,5120,FALSE
27,009,NA,41060,NA,6980,6980,6980,FALSE
27,019,NA,33460,NA,5120,5120,5120,FALSE
27,025,NA,33460,NA,5120,5120,5120,FALSE
27,027,NA,22020,2520,2520,2520,2520,FALSE
27,037,NA,33460,5120,5120,5120,5120,FALSE
27,053,NA,33460,5120,5120,5120,5120,FALSE
27,055,NA,29100,NA,NA,NA,3870,FALSE
27,059,NA,33460,NA,NA,5120,5120,FALSE
27,109,NA,40340,6820,6820,6820,6820,FALSE
27,119,NA,24220,NA,2985,NA,2985,FALSE
27,123,NA,33460,5120,5120,5120,5120,FALSE
27,137,NA,20260,2240,2240,2240,2240,FALSE
27,139,NA,33460,NA,5120,5120,5120,FALSE
27,141,NA,33460,NA,6980,6980,5120,FALSE
27,145,NA,41060,NA,6980,6980,6980,FALSE
27,163,NA,33460,5120,5120,5120,5120,FALSE
27,171,NA,33460,NA,5120,5120,5120,FALSE
28,033,NA,32820,NA,4920,4920,4920,FALSE
28,035,NA,25620,NA,NA,NA,3285,FALSE
28,045,NA,25060,NA,920,920,920,FALSE
28,047,NA,25060,920,920,920,920,FALSE
28,049,NA,27140,3560,3560,3560,3560,FALSE
28,059,NA,37700,NA,6025,6025,920,FALSE
28,073,NA,25620,NA,NA,NA,3285,FALSE
28,089,NA,27140,NA,NA,3560,3560,FALSE
28,121,NA,27140,3560,3560,3560,3560,FALSE
28,131,NA,25060,NA,920,NA,NA,FALSE
29,003,NA,41140,NA,7000,NA,7000,FALSE
29,019,NA,17860,1740,1740,1740,1740,FALSE
29,021,NA,41140,7000,7000,7000,7000,FALSE
29,037,NA,28140,3760,3760,3760,3760,FALSE
29,043,NA,44180,NA,7920,7920,7920,FALSE
29,047,NA,28140,3760,3760,3760,3760,FALSE
29,049,NA,28140,NA,NA,NA,3760,FALSE
29,071,NA,41180,7040,7040,7040,7040,FALSE
29,077,NA,44180,7920,7920,7920,7920,FALSE
29,095,NA,28140,3760,3760,3760,3760,FALSE
29,097,NA,27900,NA,3710,3710,3710,FALSE
29,099,NA,41180,7040,7040,7040,7040,FALSE
29,107,NA,28140,NA,NA,3760,3760,FALSE
29,113,NA,41180,NA,NA,NA,7040,FALSE
29,145,NA,27900,NA,3710,3710,3710,FALSE
29,165,NA,28140,3760,3760,3760,3760,FALSE
29,177,NA,28140,NA,3760,3760,3760,FALSE
29,183,NA,41180,7040,7040,7040,7040,FALSE
29,189,NA,41180,7040,7040,7040,7040,FALSE
29,219,NA,41180,NA,NA,NA,7040,FALSE
29,225,NA,44180,NA,NA,NA,7920,FALSE
29,510,NA,41180,7040,7040,7040,7040,FALSE
30,013,NA,24500,3040,3040,3040,3040,FALSE
30,063,NA,33540,NA,NA,NA,5140,FALSE
30,111,NA,13740,880,880,880,880,FALSE
31,025,NA,36540,NA,NA,NA,5920,FALSE
31,043,NA,43580,7720,7720,7720,7720,FALSE
31,055,NA,36540,5920,5920,5920,5920,FALSE
31,109,NA,30700,4360,4360,4360,4360,FALSE
31,153,NA,36540,5920,5920,5920,5920,FALSE
31,177,NA,36540,NA,NA,5920,5920,FALSE
32,003,NA,29820,4120,4120,4120,4120,FALSE
32,023,NA,37220,NA,NA,NA,4120,FALSE
32,031,NA,39900,6720,6720,6720,6720,FALSE
34,001,NA,12100,560,560,560,560,FALSE
34,003,NA,35620,NA,5600,875,875,FALSE
34,005,NA,37980,6160,6160,6160,6160,FALSE
34,007,NA,37980,6160,6160,6160,6160,FALSE
34,009,NA,36140,NA,NA,560,560,FALSE
34,011,NA,47220,8760,8760,8760,8760,FALSE
34,013,NA,35620,5640,5640,5640,5640,FALSE
34,015,NA,37980,6160,6160,6160,6160,FALSE
34,017,NA,35620,3640,3640,3640,3640,FALSE
34,019,NA,35620,NA,NA,5015,5015,FALSE
34,021,NA,45940,8480,8480,8480,8480,FALSE
34,023,NA,35620,NA,5460,5015,5015,FALSE
34,025,NA,35620,NA,4410,5190,5190,FALSE
34,027,NA,35620,5640,5640,5640,5640,FALSE
34,029,NA,35620,NA,NA,5190,5190,FALSE
34,031,NA,35620,6040,6040,875,875,FALSE
34,033,NA,37980,9160,9160,9160,6160,FALSE
34,035,NA,35620,NA,5640,5015,5015,FALSE
34,037,NA,35620,NA,NA,5640,5640,FALSE
34,039,NA,35620,5640,5640,5640,5640,FALSE
34,041,NA,10900,240,240,240,5640,FALSE
35,001,NA,10740,200,200,200,200,FALSE
35,013,NA,29740,NA,4100,4100,4100,FALSE
35,028,NA,31060,NA,NA,7490,7490,FALSE
35,043,NA,10740,NA,200,NA,200,FALSE
35,049,NA,42140,NA,NA,7490,7490,FALSE
35,061,NA,10740,NA,NA,NA,200,FALSE
36,001,NA,10580,160,160,160,160,FALSE
36,005,NA,35620,5600,5600,5600,5600,FALSE
36,007,NA,13780,960,960,960,960,FALSE
36,011,NA,12180,NA,NA,NA,8160,FALSE
36,013,NA,27460,NA,NA,3610,3610,FALSE
36,015,NA,21300,NA,2335,2335,2335,FALSE
36,027,NA,39100,NA,6460,6460,2281,FALSE
36,029,NA,15380,1280,1280,1280,1280,FALSE
36,037,NA,12860,NA,NA,NA,6840,FALSE
36,043,NA,46540,8680,8680,8680,8680,FALSE
36,047,NA,35620,5600,5600,5600,5600,FALSE
36,051,NA,40380,6840,6840,6840,6840,FALSE
36,053,NA,45060,8160,8160,8160,8160,FALSE
36,055,NA,40380,6840,6840,6840,6840,FALSE
36,057,NA,11220,NA,160,160,160,FALSE
36,059,NA,35620,5600,5380,5380,5380,FALSE
36,061,NA,35620,5600,5600,5600,5600,FALSE
36,063,NA,15380,1280,1280,5700,1280,FALSE
36,065,NA,46540,8680,8680,8680,8680,FALSE
36,067,NA,45060,8160,8160,8160,8160,FALSE
36,069,NA,40380,NA,6840,6840,6840,FALSE
36,071,NA,39100,NA,5660,5950,5660,FALSE
36,073,NA,40380,6840,6840,6840,6840,FALSE
36,075,NA,45060,8160,8160,8160,8160,FALSE
36,079,NA,35620,NA,5600,5600,5600,FALSE
36,081,NA,35620,5600,5600,5600,5600,FALSE
36,083,NA,10580,160,160,160,160,FALSE
36,085,NA,35620,5600,5600,5600,5600,FALSE
36,087,NA,35620,5600,5600,5600,5600,FALSE
36,091,NA,10580,160,160,160,160,FALSE
36,093,NA,10580,160,160,160,160,FALSE
36,095,NA,10580,NA,NA,NA,160,FALSE
36,103,NA,35620,5600,5380,5380,5380,FALSE
36,107,NA,13780,960,960,960,960,FALSE
36,113,NA,24020,NA,2975,2975,2975,FALSE
36,115,NA,24020,NA,2975,2975,2975,FALSE
36,117,NA,40380,6840,6840,6840,6840,FALSE
36,119,NA,35620,5600,5600,5600,5600,FALSE
37,001,NA,15500,NA,1300,1300,3120,FALSE
37,003,NA,25860,NA,3290,3290,3290,FALSE
37,019,NA,48900,9200,9200,NA,9200,FALSE
37,021,NA,11700,480,480,480,480,FALSE
37,023,NA,25860,NA,NA,3290,3290,FALSE
37,025,NA,16740,NA,7140,1520,1520,FALSE
37,027,NA,25860,NA,NA,NA,3290,FALSE
37,035,NA,25860,NA,3290,3290,3290,FALSE
37,037,NA,20500,NA,NA,NA,6640,FALSE
37,051,NA,22180,2560,2560,2560,2560,FALSE
37,053,NA,47260,NA,5720,NA,5720,FALSE
37,057,NA,45640,NA,3120,3120,3120,FALSE
37,059,NA,49180,NA,NA,3120,3120,FALSE
37,063,NA,20500,2280,6640,6640,6640,FALSE
37,065,NA,40580,NA,NA,NA,6895,FALSE
37,067,NA,49180,3120,3120,3120,3120,FALSE
37,069,NA,39580,NA,NA,6640,6640,FALSE
37,071,NA,16740,NA,1520,1520,1520,FALSE
37,081,NA,24660,3120,3120,3120,3120,FALSE
37,101,NA,39580,NA,NA,NA,6640,FALSE
37,109,NA,30740,NA,NA,1520,1520,FALSE
37,115,NA,11700,NA,480,NA,480,FALSE
37,119,NA,16740,1520,1520,1520,1520,FALSE
37,127,NA,40580,NA,NA,NA,6895,FALSE
37,129,NA,48900,9200,9200,9200,9200,FALSE
37,133,NA,27340,NA,3605,3605,3605,FALSE
37,135,NA,20500,2280,6640,6640,6640,FALSE
37,147,NA,24780,NA,NA,NA,3150,FALSE
37,151,NA,24660,3120,3120,3120,3120,FALSE
37,159,NA,41580,NA,7140,1520,1520,FALSE
37,169,NA,49180,NA,3120,3120,3120,FALSE
37,179,NA,16740,1520,1520,1520,1520,FALSE
37,183,NA,39580,6640,6640,6640,6640,FALSE
37,191,NA,24140,NA,NA,NA,2980,FALSE
37,197,NA,49180,3120,3120,3120,3120,FALSE
38,015,NA,13900,NA,1010,1010,1010,FALSE
38,017,NA,22020,2520,2520,2520,2520,FALSE
38,035,NA,24220,NA,2985,2985,2985,FALSE
38,059,NA,13900,NA,1010,1010,1010,FALSE
39,003,NA,30620,4320,4320,4320,4320,FALSE
39,007,NA,11780,NA,NA,NA,1680,FALSE
39,011,NA,47540,NA,4320,4320,4320,FALSE
39,013,NA,48540,9000,9000,9000,9000,FALSE
39,015,NA,17140,NA,NA,NA,1640,FALSE
39,017,NA,17140,3200,3200,3200,3200,FALSE
39,019,NA,15940,NA,1320,1320,1320,FALSE
39,021,NA,46500,NA,7960,NA,NA,FALSE
39,023,NA,44220,7960,7960,2000,2000,FALSE
39,025,NA,17140,1640,1640,1640,1640,FALSE
39,029,NA,20620,NA,NA,NA,9320,FALSE
39,033,NA,15340,NA,NA,NA,4800,FALSE
39,035,NA,17460,1680,1680,1680,1680,FALSE
39,041,NA,18140,1840,1840,1840,1840,FALSE
39,045,NA,18140,NA,1840,1840,1840,FALSE
39,049,NA,18140,1840,1840,1840,1840,FALSE
39,051,NA,45780,NA,8400,8400,8400,FALSE
39,055,NA,17460,1680,1680,1680,1680,FALSE
39,057,NA,19380,2000,2000,2000,2000,FALSE
39,061,NA,17140,1640,1640,1640,1640,FALSE
39,081,NA,44600,8080,8080,8080,8080,FALSE
39,085,NA,17460,1680,1680,1680,1680,FALSE
39,087,NA,26580,3400,3400,3400,3400,FALSE
39,089,NA,18140,NA,5645,1840,1840,FALSE
39,093,NA,17460,4440,4440,4440,1680,FALSE
39,095,NA,45780,8400,8400,8400,8400,FALSE
39,097,NA,18140,NA,1840,1840,1840,FALSE
39,099,NA,49660,9320,9320,9320,9320,FALSE
39,103,NA,17460,1680,1680,1680,1680,FALSE
39,109,NA,19380,2000,2000,2000,2000,FALSE
39,113,NA,19380,2000,2000,2000,2000,FALSE
39,123,NA,45780,NA,8400,NA,NA,FALSE
39,129,NA,18140,1840,1840,1840,1840,FALSE
39,133,NA,10420,80,80,80,80,FALSE
39,135,NA,19380,2000,2000,NA,NA,FALSE
39,139,NA,31900,4800,4800,4800,4800,FALSE
39,151,NA,15940,1320,1320,1320,1320,FALSE
39,153,NA,10420,80,80,80,80,FALSE
39,155,NA,49660,9320,9320,9320,9320,FALSE
39,159,NA,18140,NA,NA,1840,NA,FALSE
39,161,NA,46780,4320,4320,NA,NA,FALSE
39,165,NA,17140,1640,1640,1640,1640,FALSE
39,167,NA,37620,NA,6020,6020,6020,FALSE
39,173,NA,45780,8400,8400,8400,8400,FALSE
40,017,NA,36420,5880,5880,5880,5880,FALSE
40,027,NA,36420,5880,5880,5880,5880,FALSE
40,031,NA,30020,4200,4200,4200,4200,FALSE
40,037,NA,46140,8560,8560,8560,8560,FALSE
40,047,NA,21420,NA,2340,2340,2340,FALSE
40,079,NA,22900,2720,2720,NA,NA,FALSE
40,083,NA,36420,NA,NA,5880,5880,FALSE
40,087,NA,36420,NA,5880,5880,5880,FALSE
40,109,NA,36420,5880,5880,5880,5880,FALSE
40,113,NA,46140,8560,8560,8560,8560,FALSE
40,125,NA,43060,NA,5880,5880,5880,FALSE
40,131,NA,46140,NA,8560,8560,8560,FALSE
40,135,NA,22900,2720,2720,2720,2720,FALSE
40,143,NA,46140,8560,8560,8560,8560,FALSE
40,145,NA,46140,NA,8560,8560,8560,FALSE
41,003,NA,18700,NA,NA,NA,1890,FALSE
41,005,NA,38900,6440,6440,6440,6440,FALSE
41,009,NA,38900,NA,NA,NA,6440,FALSE
41,029,NA,32780,NA,4890,4890,4890,FALSE
41,039,NA,21660,2400,2400,2400,2400,FALSE
41,047,NA,41420,7080,7080,7080,7080,FALSE
41,051,NA,38900,6440,6440,6440,6440,FALSE
41,053,NA,41420,7080,7080,7080,7080,FALSE
41,067,NA,38900,6440,6440,6440,6440,FALSE
41,071,NA,38900,NA,NA,6440,6440,FALSE
42,001,NA,23900,9280,9280,9280,NA,FALSE
42,003,NA,38300,6280,6280,6280,6280,FALSE
42,007,NA,38300,6280,6280,845,6280,FALSE
42,011,NA,39740,6680,6680,6680,6680,FALSE
42,013,NA,11020,280,280,280,280,FALSE
42,017,NA,37980,6160,6160,6160,6160,FALSE
42,019,NA,38300,NA,NA,NA,6280,FALSE
42,021,NA,27780,3680,3680,3680,3680,FALSE
42,025,NA,10900,NA,240,240,240,FALSE
42,027,NA,44300,NA,8050,8050,8050,FALSE
42,029,NA,37980,6160,6160,6160,6160,FALSE
42,037,NA,14100,NA,NA,7560,7560,FALSE
42,041,NA,25420,3240,3240,3240,3240,FALSE
42,043,NA,25420,3240,3240,3240,3240,FALSE
42,045,NA,37980,6160,6160,6160,6160,FALSE
42,049,NA,21500,2360,2360,2360,2360,FALSE
42,051,NA,38300,NA,NA,6280,6280,FALSE
42,069,NA,42540,7560,5745,7560,7560,FALSE
42,071,NA,29540,4000,4000,4000,4000,FALSE
42,075,NA,30140,NA,NA,3240,3240,FALSE
42,077,NA,10900,240,240,240,240,FALSE
42,079,NA,42540,9120,5745,7560,7560,FALSE
42,081,NA,48700,NA,9140,9140,9140,FALSE
42,085,NA,49660,NA,7610,7610,7610,FALSE
42,089,NA,20700,NA,5745,7560,NA,FALSE
42,091,NA,37980,6160,6160,6160,6160,FALSE
42,095,NA,10900,240,240,240,240,FALSE
42,099,NA,25420,3240,3240,3240,3240,FALSE
42,101,NA,37980,6160,6160,6160,6160,FALSE
42,103,NA,35620,NA,NA,NA,5660,FALSE
42,111,NA,43740,3680,3680,3680,3680,FALSE
42,125,NA,38300,6280,6280,6280,6280,FALSE
42,129,NA,38300,6280,6280,6280,6280,FALSE
42,131,NA,42540,NA,NA,7560,7560,FALSE
42,133,NA,49620,9280,9280,9280,9280,FALSE
45,003,NA,12260,600,600,600,600,FALSE
45,007,NA,11340,NA,405,405,3160,FALSE
45,015,NA,16700,1440,1440,1440,1440,FALSE
45,019,NA,16700,1440,1440,1440,1440,FALSE
45,021,NA,23500,NA,NA,NA,3160,FALSE
45,035,NA,16700,NA,1440,1440,1440,FALSE
45,037,NA,12260,NA,NA,NA,600,FALSE
45,041,NA,22500,NA,2655,2655,2655,FALSE
45,045,NA,24860,3160,3160,3160,3160,FALSE
45,051,NA,34820,NA,NA,NA,5330,FALSE
45,063,NA,17900,1760,1760,1760,1760,FALSE
45,077,NA,24860,3160,3160,3160,3160,FALSE
45,079,NA,17900,1760,1760,1760,1760,FALSE
45,083,NA,43900,NA,3160,3160,3160,FALSE
45,085,NA,44940,NA,NA,NA,8140,FALSE
45,091,NA,16740,NA,6885,1520,1520,FALSE
46,083,NA,43620,NA,NA,NA,7760,FALSE
46,099,NA,43620,7760,7760,7760,7760,FALSE
46,103,NA,39660,NA,NA,6660,6660,FALSE
47,001,NA,28940,3840,3840,3840,3840,FALSE
47,009,NA,28940,3840,3840,3840,3840,FALSE
47,019,NA,27740,NA,3660,3660,3660,FALSE
47,021,NA,34980,NA,5360,5360,5360,FALSE
47,023,NA,27180,NA,NA,NA,3580,FALSE
47,037,NA,34980,5360,5360,5360,5360,FALSE
47,043,NA,34980,NA,5360,5360,5360,FALSE
47,047,NA,32820,NA,NA,NA,4920,FALSE
47,057,NA,34100,NA,NA,3840,NA,FALSE
47,065,NA,16860,1560,1560,1560,1560,FALSE
47,073,NA,28700,NA,3660,3660,3660,FALSE
47,089,NA,34100,NA,NA,3840,NA,FALSE
47,093,NA,28940,3840,3840,3840,3840,FALSE
47,105,NA,28940,NA,NA,NA,3840,FALSE
47,113,NA,27180,NA,NA,3580,3580,FALSE
47,115,NA,16860,NA,1560,1560,1560,FALSE
47,125,NA,17300,NA,1660,1660,1660,FALSE
47,147,NA,34980,NA,5360,5360,5360,FALSE
47,149,NA,34980,NA,5360,5360,5360,FALSE
47,153,NA,16860,NA,1560,1560,NA,FALSE
47,155,NA,42940,NA,NA,3840,3840,FALSE
47,157,NA,32820,4920,4920,4920,4920,FALSE
47,163,NA,28700,NA,3660,3660,3660,FALSE
47,165,NA,34980,5360,5360,5360,5360,FALSE
47,167,NA,32820,NA,4920,4920,4920,FALSE
47,171,NA,27740,NA,3660,3660,3660,FALSE
47,173,NA,28940,3840,3840,3840,3840,FALSE
47,179,NA,27740,NA,3660,3660,3660,FALSE
47,187,NA,34980,NA,5360,5360,5360,FALSE
47,189,NA,34980,5360,5360,5360,5360,FALSE
48,009,NA,48660,9080,NA,NA,9080,FALSE
48,021,NA,12420,NA,NA,NA,640,FALSE
48,027,NA,28660,NA,3810,3810,3810,FALSE
48,029,NA,41700,7240,7240,7240,7240,FALSE
48,037,NA,45500,8360,8360,8360,8360,FALSE
48,039,NA,26420,3360,3360,1145,1145,FALSE
48,041,NA,17780,1260,1260,1260,1260,FALSE
48,055,NA,12420,NA,NA,NA,640,FALSE
48,059,NA,10180,NA,40,NA,NA,FALSE
48,061,NA,15180,1240,1240,1240,1240,FALSE
48,071,NA,26420,NA,NA,NA,3360,FALSE
48,077,NA,48660,NA,9080,NA,NA,FALSE
48,085,NA,19100,1920,1920,1920,1920,FALSE
48,091,NA,41700,NA,7240,7240,7240,FALSE
48,099,NA,28660,NA,3810,3810,3810,FALSE
48,113,NA,19100,1920,1920,1920,1920,FALSE
48,121,NA,19100,1920,1920,1920,1920,FALSE
48,135,NA,36220,5800,5800,5800,5800,FALSE
48,139,NA,19100,1920,1920,1920,1920,FALSE
48,141,NA,21340,2320,2320,2320,2320,FALSE
48,157,NA,26420,3360,3360,3360,3360,FALSE
48,167,NA,26420,2920,2920,2920,2920,FALSE
48,181,NA,43300,7640,7640,7640,7640,FALSE
48,183,NA,30980,NA,4420,4420,4420,FALSE
48,187,NA,41700,7240,7240,7240,7240,FALSE
48,199,NA,13140,NA,840,840,840,FALSE
48,201,NA,26420,3360,3360,3360,3360,FALSE
48,203,NA,32220,NA,4420,4420,4420,FALSE
48,209,NA,12420,NA,640,640,640,FALSE
48,213,NA,11980,NA,NA,NA,1920,FALSE
48,215,NA,32580,4880,4880,4880,4880,FALSE
48,221,NA,24180,NA,1920,NA,2800,FALSE
48,231,NA,19100,NA,NA,NA,1920,FALSE
48,245,NA,13140,840,840,840,840,FALSE
48,251,NA,19100,2800,1920,2800,2800,FALSE
48,253,NA,10180,40,40,NA,NA,FALSE
48,257,NA,19100,1920,1920,1920,1920,FALSE
48,291,NA,26420,3360,3360,3360,3360,FALSE
48,303,NA,31180,4600,4600,4600,4600,FALSE
48,309,NA,47380,8800,8800,8800,8800,FALSE
48,329,NA,33260,5040,5040,5040,5800,FALSE
48,339,NA,26420,3360,3360,3360,3360,FALSE
48,355,NA,18580,1880,1880,1880,1880,FALSE
48,361,NA,13140,840,840,840,840,FALSE
48,367,NA,19100,NA,1920,2800,2800,FALSE
48,375,NA,11100,320,320,320,320,FALSE
48,381,NA,11100,320,320,320,320,FALSE
48,397,NA,19100,1920,1920,1920,1920,FALSE
48,409,NA,18580,1880,1880,1880,1880,FALSE
48,423,NA,46340,8640,8640,8640,8640,FALSE
48,439,NA,19100,2800,1920,2800,2800,FALSE
48,441,NA,10180,40,40,40,40,FALSE
48,451,NA,41660,7200,7200,7200,7200,FALSE
48,453,NA,12420,640,640,640,640,FALSE
48,459,NA,30980,NA,NA,NA,4420,FALSE
48,469,NA,47020,NA,8750,8750,8750,FALSE
48,473,NA,26420,NA,3360,3360,3360,FALSE
48,479,NA,29700,4080,4080,4080,4080,FALSE
48,485,NA,48660,9080,9080,9080,9080,FALSE
48,491,NA,12420,NA,640,640,640,FALSE
48,493,NA,41700,NA,NA,NA,7240,FALSE
48,497,NA,19100,NA,1920,NA,NA,FALSE
49,011,NA,36260,7160,7160,7160,7160,FALSE
49,035,NA,41620,7160,7160,7160,7160,FALSE
49,045,NA,41620,NA,7160,NA,NA,FALSE
49,049,NA,39340,6520,6520,6520,6520,FALSE
49,057,NA,36260,5840,7160,7160,7160,FALSE
51,003,NA,16820,NA,1540,1540,1540,FALSE
51,009,NA,31340,4640,4640,4640,4640,FALSE
51,011,NA,31340,NA,4640,NA,NA,FALSE
51,013,NA,47900,8840,8840,8840,8840,FALSE
51,019,NA,31340,NA,NA,NA,4640,FALSE
51,023,NA,40220,NA,6800,6800,6800,FALSE
51,031,NA,31340,4640,4640,4640,4640,FALSE
51,036,NA,40060,NA,6760,6760,6760,FALSE
51,041,NA,40060,6760,6760,6760,6760,FALSE
51,043,NA,47900,NA,NA,NA,8840,FALSE
51,045,NA,40220,NA,6800,NA,NA,FALSE
51,047,NA,19020,NA,NA,NA,8840,FALSE
51,053,NA,40060,6140,6140,6760,6760,FALSE
51,059,NA,47900,8840,8840,8840,8840,FALSE
51,061,NA,47900,NA,NA,NA,8840,FALSE
51,065,NA,16820,NA,1540,1540,1540,FALSE
51,073,NA,47260,NA,5680,5720,5720,FALSE
51,075,NA,40060,NA,6760,6760,6760,FALSE
51,079,NA,16820,NA,1540,1540,1540,FALSE
51,085,NA,40060,6760,6760,6760,6760,FALSE
51,087,NA,40060,6760,6760,6760,6760,FALSE
51,093,NA,47260,NA,NA,NA,5720,FALSE
51,095,NA,47260,NA,5680,5720,5720,FALSE
51,107,NA,47900,8840,8840,8840,8840,FALSE
51,115,NA,47260,NA,NA,NA,5720,FALSE
51,127,NA,40060,NA,6760,6760,6760,FALSE
51,143,NA,19260,NA,1950,1950,1950,FALSE
51,145,NA,40060,NA,6760,6760,6760,FALSE
51,149,NA,40060,6140,6140,6760,6760,FALSE
51,153,NA,47900,8840,8840,8840,8840,FALSE
51,161,NA,40220,6800,6800,6800,6800,FALSE
51,169,NA,28700,NA,3660,3660,3660,FALSE
51,177,NA,47900,NA,NA,NA,8840,FALSE
51,179,NA,47900,NA,NA,8840,8840,FALSE
51,187,NA,47900,NA,NA,NA,8840,FALSE
51,191,NA,28700,NA,3660,3660,3660,FALSE
51,199,NA,47260,5680,5680,5720,5720,FALSE
51,510,NA,47900,8840,8840,8840,8840,FALSE
51,515,NA,31340,NA,NA,NA,4640,FALSE
51,520,NA,28700,NA,3660,3660,3660,FALSE
51,540,NA,16820,NA,1540,1540,1540,FALSE
51,550,NA,47260,5720,5720,5720,5720,FALSE
51,570,NA,40060,6140,6140,6760,6760,FALSE
51,590,NA,19260,NA,1950,1950,1950,FALSE
51,600,NA,47900,8840,8840,8840,8840,FALSE
51,610,NA,47900,8840,8840,8840,8840,FALSE
51,630,NA,47900,NA,NA,NA,8840,FALSE
51,650,NA,47260,5680,5680,5720,5720,FALSE
51,670,NA,40060,6140,6140,6760,6760,FALSE
51,680,NA,31340,4640,4640,4640,4640,FALSE
51,683,NA,47900,NA,8840,8840,8840,FALSE
51,685,NA,47900,NA,8840,8840,8840,FALSE
51,700,NA,47260,5680,5680,5720,5720,FALSE
51,710,NA,47260,5720,5720,5720,5720,FALSE
51,730,NA,40060,6140,6140,6760,6760,FALSE
51,735,NA,47260,NA,5680,5720,5720,FALSE
51,740,NA,47260,5720,5720,5720,5720,FALSE
51,760,NA,40060,6760,6760,6760,6760,FALSE
51,770,NA,40220,6800,6800,6800,6800,FALSE
51,775,NA,40220,6800,6800,6800,6800,FALSE
51,800,NA,47260,NA,5720,5720,5720,FALSE
51,810,NA,47260,5720,5720,5720,5720,FALSE
51,830,NA,47260,NA,5680,5720,5720,FALSE
53,005,NA,28420,NA,6740,6740,6740,FALSE
53,011,NA,38900,6440,6440,8725,6440,FALSE
53,021,NA,28420,NA,6740,6740,6740,FALSE
53,029,NA,36020,NA,NA,NA,7600,FALSE
53,033,NA,42660,7600,7600,7600,7600,FALSE
53,035,NA,14740,NA,1150,1150,1150,FALSE
53,053,NA,42660,8200,8200,8200,8200,FALSE
53,061,NA,42660,7600,7600,7600,7600,FALSE
53,063,NA,44060,7840,7840,7840,7840,FALSE
53,067,NA,36500,NA,5910,5910,5910,FALSE
53,073,NA,13380,NA,860,860,860,FALSE
53,077,NA,49420,NA,9260,9260,9260,FALSE
54,003,NA,25180,NA,NA,NA,8840,FALSE
54,009,NA,44600,8080,8080,8080,8080,FALSE
54,011,NA,26580,3400,3400,3400,3400,FALSE
54,029,NA,44600,8080,8080,8080,8080,FALSE
54,037,NA,47900,NA,NA,NA,8840,FALSE
54,039,NA,16620,1480,1480,1480,1480,FALSE
54,051,NA,48540,9000,9000,9000,9000,FALSE
54,057,NA,19060,NA,1900,1900,1900,FALSE
54,069,NA,48540,9000,9000,9000,9000,FALSE
54,079,NA,16620,NA,1480,1480,1480,FALSE
54,099,NA,26580,3400,3400,3400,3400,FALSE
54,105,NA,37620,NA,6020,NA,NA,FALSE
54,107,NA,37620,NA,6020,6020,6020,FALSE
55,009,NA,24580,3080,3080,3080,3080,FALSE
55,015,NA,11540,460,460,460,460,FALSE
55,017,NA,20740,NA,2290,2290,2290,FALSE
55,025,NA,31540,4720,4720,4720,4720,FALSE
55,031,NA,20260,2240,2240,2240,2240,FALSE
55,035,NA,20740,NA,2290,2290,2290,FALSE
55,059,NA,16980,3800,3800,3800,3800,FALSE
55,063,NA,29100,3870,3870,3870,3870,FALSE
55,073,NA,48140,NA,8940,8940,8940,FALSE
55,079,NA,33340,5080,5080,5080,5080,FALSE
55,087,NA,11540,460,460,460,460,FALSE
55,089,NA,33340,5080,5080,5080,5080,FALSE
55,093,NA,33460,NA,NA,NA,5120,FALSE
55,101,NA,39540,6600,6600,6600,6600,FALSE
55,105,NA,27500,NA,3620,3620,3620,FALSE
55,109,NA,33460,NA,5120,5120,5120,FALSE
55,117,NA,43100,NA,7620,7620,7620,FALSE
55,131,NA,33340,5080,5080,5080,5080,FALSE
55,133,NA,33340,5080,5080,5080,5080,FALSE
55,139,NA,36780,460,460,460,460,FALSE
56,021,NA,16940,NA,NA,1580,1580,FALSE
56,025,NA,16220,NA,1350,1350,1350,FALSE
